/*Hdeste70 Fix Quest 24960*/ 

DELETE FROM creature WHERE ID = '49230';
INSERT INTO `creature` (`guid`, `id`, `map`, `zoneId`, `areaId`, `spawnDifficulties`, `phaseUseFlags`, `PhaseId`, `PhaseGroup`, `terrainSwapMap`, `modelid`, `equipment_id`, `position_x`, `position_y`, `position_z`, `orientation`, `spawntimesecs`, `spawndist`, `currentwaypoint`, `curhealth`, `curmana`, `MovementType`, `npcflag`, `unit_flags`, `unit_flags2`, `unit_flags3`, `dynamicflags`, `ScriptName`, `VerifiedBuild`) VALUES ('464236', '49230', '0', '0', '0', '0', '0', '0', '0', '-1', '0', '0', '1752.44', '1639.88', '117.503', '2.47339', '300', '0', '0', '31', '60', '0', '0', '0', '0', '0', '0', '', '0');
DELETE FROM creature_template WHERE entry = '49230';
INSERT INTO `creature_template` (`entry`, `difficulty_entry_1`, `difficulty_entry_2`, `difficulty_entry_3`, `KillCredit1`, `KillCredit2`, `name`, `femaleName`, `subname`, `TitleAlt`, `IconName`, `gossip_menu_id`, `minlevel`, `maxlevel`, `HealthScalingExpansion`, `RequiredExpansion`, `VignetteID`, `faction`, `npcflag`, `speed_walk`, `speed_run`, `scale`, `rank`, `dmgschool`, `BaseAttackTime`, `RangeAttackTime`, `BaseVariance`, `RangeVariance`, `unit_class`, `unit_flags`, `unit_flags2`, `unit_flags3`, `dynamicflags`, `family`, `trainer_type`, `trainer_class`, `trainer_race`, `type`, `type_flags`, `type_flags2`, `lootid`, `pickpocketloot`, `skinloot`, `resistance1`, `resistance2`, `resistance3`, `resistance4`, `resistance5`, `resistance6`, `spell1`, `spell2`, `spell3`, `spell4`, `spell5`, `spell6`, `spell7`, `spell8`, `VehicleId`, `mingold`, `maxgold`, `AIName`, `MovementType`, `InhabitType`, `HoverHeight`, `HealthModifier`, `HealthModifierExtra`, `ManaModifier`, `ManaModifierExtra`, `ArmorModifier`, `DamageModifier`, `ExperienceModifier`, `RacialLeader`, `movementId`, `FadeRegionRadius`, `WidgetSetID`, `WidgetSetUnitConditionID`, `RegenHealth`, `mechanic_immune_mask`, `flags_extra`, `ScriptName`, `VerifiedBuild`) VALUES ('49230', '0', '0', '0', '0', '0', 'Marshal Redpath', '', '', NULL, '', '12485', '1', '1', '0', '0', '0', '68', '1', '1', '1.14286', '1', '0', '0', '2000', '2000', '0', '0', '2', '33280', '2048', '0', '0', '0', '0', '0', '0', '7', '0', '0', '0', '0', '0', '0', '0', '0', '0', '0', '0', '0', '0', '0', '0', '0', '0', '0', '0', '0', '0', '0', 'SmartAI', '0', '3', '1', '1', '1', '1', '1', '1', '1', '1', '0', '0', '0', '0', '0', '1', '0', '0', '', '28153');
DELETE FROM gossip_menu WHERE MenuId = '12485';
INSERT INTO `gossip_menu` (`MenuId`, `TextId`, `VerifiedBuild`) VALUES ('12485', '17566', '33369');
DELETE FROM gossip_menu_option WHERE MenuId = '12485';
INSERT INTO `gossip_menu_option` (`MenuId`, `OptionIndex`, `OptionIcon`, `OptionText`, `OptionBroadcastTextId`, `OptionType`, `OptionNpcFlag`, `VerifiedBuild`) VALUES ('12485', '0', '0', 'I\'m not here to fight you. I\'ve only been asked to speak with you.', '49346', '1', '1', '0');
DELETE FROM gossip_menu_option_action WHERE MenuId = '12485';
INSERT INTO `gossip_menu_option_action` (`MenuId`, `OptionIndex`, `ActionMenuId`, `ActionPoiId`) VALUES ('12485', '0', '12486', '0');
DELETE FROM smart_scripts WHERE entryorguid = '49230';
INSERT INTO `smart_scripts` (`entryorguid`, `source_type`, `id`, `link`, `event_type`, `event_phase_mask`, `event_chance`, `event_flags`, `event_param1`, `event_param2`, `event_param3`, `event_param4`, `event_param5`, `event_param_string`, `action_type`, `action_param1`, `action_param2`, `action_param3`, `action_param4`, `action_param5`, `action_param6`, `target_type`, `target_param1`, `target_param2`, `target_param3`, `target_x`, `target_y`, `target_z`, `target_o`, `comment`) VALUES ('49230', '0', '0', '0', '62', '0', '100', '0', '12485', '0', '0', '0', '0', '', '80', '4923000', '2', '0', '0', '0', '0', '1', '0', '0', '0', '0', '0', '0', '0', 'Marshal - On Gossip Select - Actionlist');

DELETE FROM creature WHERE ID = '38895';
INSERT INTO `creature` (`guid`, `id`, `map`, `zoneId`, `areaId`, `spawnDifficulties`, `phaseUseFlags`, `PhaseId`, `PhaseGroup`, `terrainSwapMap`, `modelid`, `equipment_id`, `position_x`, `position_y`, `position_z`, `orientation`, `spawntimesecs`, `spawndist`, `currentwaypoint`, `curhealth`, `curmana`, `MovementType`, `npcflag`, `unit_flags`, `unit_flags2`, `unit_flags3`, `dynamicflags`, `ScriptName`, `VerifiedBuild`) VALUES ('464235', '38895', '0', '0', '0', '0', '0', '0', '0', '-1', '0', '0', '1754.79', '1666.84', '121.394', '3.35932', '300', '0', '0', '31', '60', '0', '0', '0', '0', '0', '0', '', '0');
DELETE FROM creature_template WHERE entry = '38895';
INSERT INTO `creature_template` (`entry`, `difficulty_entry_1`, `difficulty_entry_2`, `difficulty_entry_3`, `KillCredit1`, `KillCredit2`, `name`, `femaleName`, `subname`, `TitleAlt`, `IconName`, `gossip_menu_id`, `minlevel`, `maxlevel`, `HealthScalingExpansion`, `RequiredExpansion`, `VignetteID`, `faction`, `npcflag`, `speed_walk`, `speed_run`, `scale`, `rank`, `dmgschool`, `BaseAttackTime`, `RangeAttackTime`, `BaseVariance`, `RangeVariance`, `unit_class`, `unit_flags`, `unit_flags2`, `unit_flags3`, `dynamicflags`, `family`, `trainer_type`, `trainer_class`, `trainer_race`, `type`, `type_flags`, `type_flags2`, `lootid`, `pickpocketloot`, `skinloot`, `resistance1`, `resistance2`, `resistance3`, `resistance4`, `resistance5`, `resistance6`, `spell1`, `spell2`, `spell3`, `spell4`, `spell5`, `spell6`, `spell7`, `spell8`, `VehicleId`, `mingold`, `maxgold`, `AIName`, `MovementType`, `InhabitType`, `HoverHeight`, `HealthModifier`, `HealthModifierExtra`, `ManaModifier`, `ManaModifierExtra`, `ArmorModifier`, `DamageModifier`, `ExperienceModifier`, `RacialLeader`, `movementId`, `FadeRegionRadius`, `WidgetSetID`, `WidgetSetUnitConditionID`, `RegenHealth`, `mechanic_immune_mask`, `flags_extra`, `ScriptName`, `VerifiedBuild`) VALUES ('38895', '0', '0', '0', '0', '0', 'Lilian Voss', '', '', NULL, '', '12483', '1', '1', '0', '0', '0', '68', '1', '1', '1.14286', '1', '0', '0', '2000', '2000', '0', '0', '2', '33280', '2048', '0', '0', '0', '0', '0', '0', '7', '0', '0', '0', '0', '0', '0', '0', '0', '0', '0', '0', '0', '0', '0', '0', '0', '0', '0', '0', '0', '0', '0', 'SmartAI', '0', '3', '1', '1', '1', '1', '1', '1', '1', '1', '0', '0', '0', '0', '0', '1', '0', '0', '', '28153');
DELETE FROM gossip_menu WHERE MenuId = '12483';
INSERT INTO `gossip_menu` (`MenuId`, `TextId`, `VerifiedBuild`) VALUES ('12483', '17564', '33369');
DELETE FROM gossip_menu_option WHERE MenuId = '12483';
INSERT INTO `gossip_menu_option` (`MenuId`, `OptionIndex`, `OptionIcon`, `OptionText`, `OptionBroadcastTextId`, `OptionType`, `OptionNpcFlag`, `VerifiedBuild`) VALUES ('12483', '0', '0', 'I\'m not an abomination, I\'m simply undead. I just want to speak with you.', '49339', '1', '1', '0');
DELETE FROM gossip_menu_option_action WHERE MenuId = '12483';
INSERT INTO `gossip_menu_option_action` (`MenuId`, `OptionIndex`, `ActionMenuId`, `ActionPoiId`) VALUES ('12483', '0', '12484', '0');
DELETE FROM smart_scripts WHERE entryorguid = '38895';
INSERT INTO `smart_scripts` (`entryorguid`, `source_type`, `id`, `link`, `event_type`, `event_phase_mask`, `event_chance`, `event_flags`, `event_param1`, `event_param2`, `event_param3`, `event_param4`, `event_param5`, `event_param_string`, `action_type`, `action_param1`, `action_param2`, `action_param3`, `action_param4`, `action_param5`, `action_param6`, `target_type`, `target_param1`, `target_param2`, `target_param3`, `target_x`, `target_y`, `target_z`, `target_o`, `comment`) VALUES ('38895', '0', '0', '0', '62', '0', '100', '0', '12483', '0', '0', '0', '0', '', '80', '3889500', '2', '0', '0', '0', '0', '1', '0', '0', '0', '0', '0', '0', '0', 'Lilian - On Gossip Select - Actionlist');
INSERT INTO `smart_scripts` (`entryorguid`, `source_type`, `id`, `link`, `event_type`, `event_phase_mask`, `event_chance`, `event_flags`, `event_param1`, `event_param2`, `event_param3`, `event_param4`, `event_param5`, `event_param_string`, `action_type`, `action_param1`, `action_param2`, `action_param3`, `action_param4`, `action_param5`, `action_param6`, `target_type`, `target_param1`, `target_param2`, `target_param3`, `target_x`, `target_y`, `target_z`, `target_o`, `comment`) VALUES ('38895', '0', '1', '0', '54', '0', '100', '0', '0', '0', '0', '0', '0', '', '17', '431', '0', '0', '0', '0', '0', '1', '0', '0', '0', '0', '0', '0', '0', 'Lilian - On spawn - set emote state');

DELETE FROM creature WHERE ID = '49231';
INSERT INTO `creature` (`guid`, `id`, `map`, `zoneId`, `areaId`, `spawnDifficulties`, `phaseUseFlags`, `PhaseId`, `PhaseGroup`, `terrainSwapMap`, `modelid`, `equipment_id`, `position_x`, `position_y`, `position_z`, `orientation`, `spawntimesecs`, `spawndist`, `currentwaypoint`, `curhealth`, `curmana`, `MovementType`, `npcflag`, `unit_flags`, `unit_flags2`, `unit_flags3`, `dynamicflags`, `ScriptName`, `VerifiedBuild`) VALUES ('464237', '49231', '0', '0', '0', '0', '0', '0', '0', '-1', '0', '0', '1739.99', '1704.5', '128.823', '1.58353', '300', '0', '0', '31', '60', '0', '0', '0', '0', '0', '0', '', '0');
DELETE FROM creature_template WHERE entry = '49231';
INSERT INTO `creature_template` (`entry`, `difficulty_entry_1`, `difficulty_entry_2`, `difficulty_entry_3`, `KillCredit1`, `KillCredit2`, `name`, `femaleName`, `subname`, `TitleAlt`, `IconName`, `gossip_menu_id`, `minlevel`, `maxlevel`, `HealthScalingExpansion`, `RequiredExpansion`, `VignetteID`, `faction`, `npcflag`, `speed_walk`, `speed_run`, `scale`, `rank`, `dmgschool`, `BaseAttackTime`, `RangeAttackTime`, `BaseVariance`, `RangeVariance`, `unit_class`, `unit_flags`, `unit_flags2`, `unit_flags3`, `dynamicflags`, `family`, `trainer_type`, `trainer_class`, `trainer_race`, `type`, `type_flags`, `type_flags2`, `lootid`, `pickpocketloot`, `skinloot`, `resistance1`, `resistance2`, `resistance3`, `resistance4`, `resistance5`, `resistance6`, `spell1`, `spell2`, `spell3`, `spell4`, `spell5`, `spell6`, `spell7`, `spell8`, `VehicleId`, `mingold`, `maxgold`, `AIName`, `MovementType`, `InhabitType`, `HoverHeight`, `HealthModifier`, `HealthModifierExtra`, `ManaModifier`, `ManaModifierExtra`, `ArmorModifier`, `DamageModifier`, `ExperienceModifier`, `RacialLeader`, `movementId`, `FadeRegionRadius`, `WidgetSetID`, `WidgetSetUnitConditionID`, `RegenHealth`, `mechanic_immune_mask`, `flags_extra`, `ScriptName`, `VerifiedBuild`) VALUES ('49231', '0', '0', '0', '0', '0', 'Valdred Moray', '', '', NULL, '', '12487', '1', '1', '0', '0', '0', '68', '1', '1', '1.14286', '1', '0', '0', '2000', '2000', '0', '0', '2', '33280', '2048', '0', '0', '0', '0', '0', '0', '7', '0', '0', '0', '0', '0', '0', '0', '0', '0', '0', '0', '0', '0', '0', '0', '0', '0', '0', '0', '0', '0', '0', 'SmartAI', '0', '3', '1', '1', '1', '1', '1', '1', '1', '1', '0', '0', '0', '0', '0', '1', '0', '0', '', '28153');
DELETE FROM gossip_menu WHERE MenuId = '12487';
INSERT INTO `world`.`gossip_menu` (`MenuId`, `TextId`, `VerifiedBuild`) VALUES ('12487', '17569', '33369');
DELETE FROM gossip_menu_option WHERE MenuId = '12487';
INSERT INTO `gossip_menu_option` (`MenuId`, `OptionIndex`, `OptionIcon`, `OptionText`, `OptionBroadcastTextId`, `OptionType`, `OptionNpcFlag`, `VerifiedBuild`) VALUES ('12487', '0', '0', 'Don\'t you remember? You died.', '49352', '1', '1', '0');
DELETE FROM gossip_menu_option_action WHERE MenuId = '12487';
INSERT INTO `gossip_menu_option_action` (`MenuId`, `OptionIndex`, `ActionMenuId`, `ActionPoiId`) VALUES ('12487', '0', '12488', '0');
DELETE FROM smart_scripts WHERE entryorguid = '49231';
INSERT INTO `smart_scripts` (`entryorguid`, `source_type`, `id`, `link`, `event_type`, `event_phase_mask`, `event_chance`, `event_flags`, `event_param1`, `event_param2`, `event_param3`, `event_param4`, `event_param5`, `event_param_string`, `action_type`, `action_param1`, `action_param2`, `action_param3`, `action_param4`, `action_param5`, `action_param6`, `target_type`, `target_param1`, `target_param2`, `target_param3`, `target_x`, `target_y`, `target_z`, `target_o`, `comment`) VALUES ('49231', '0', '0', '0', '62', '0', '100', '0', '12487', '0', '0', '0', '0', '', '80', '4923100', '2', '0', '0', '0', '0', '1', '0', '0', '0', '0', '0', '0', '0', 'Valdred - On Gossip Select - Actionlist');
INSERT INTO `smart_scripts` (`entryorguid`, `source_type`, `id`, `link`, `event_type`, `event_phase_mask`, `event_chance`, `event_flags`, `event_param1`, `event_param2`, `event_param3`, `event_param4`, `event_param5`, `event_param_string`, `action_type`, `action_param1`, `action_param2`, `action_param3`, `action_param4`, `action_param5`, `action_param6`, `target_type`, `target_param1`, `target_param2`, `target_param3`, `target_x`, `target_y`, `target_z`, `target_o`, `comment`) VALUES ('49231', '0', '1', '0', '54', '0', '100', '0', '0', '0', '0', '0', '0', '', '75', '68442', '0', '0', '0', '0', '0', '1', '0', '0', '0', '0', '0', '0', '0', 'Valdred - On spawn - add aura state kneels');

SET @ENTRY := 4923100;
DELETE FROM `smart_scripts` WHERE `entryorguid`=@ENTRY AND `source_type`=9;
INSERT INTO `smart_scripts` (`entryorguid`,`source_type`,`id`,`link`,`event_type`,`event_phase_mask`,`event_chance`,`event_flags`,`event_param1`,`event_param2`,`event_param3`,`event_param4`,`action_type`,`action_param1`,`action_param2`,`action_param3`,`action_param4`,`action_param5`,`action_param6`,`target_type`,`target_param1`,`target_param2`,`target_param3`,`target_x`,`target_y`,`target_z`,`target_o`,`comment`) VALUES
(@ENTRY,9,0,0,0,0,100,0,0,0,1000,1000,72,0,0,0,0,0,0,7,0,0,0,0,0,0,0,"Valdred - Actionlist - Close gossip"),
(@ENTRY,9,1,0,0,0,100,0,0,0,1000,1000,33,49231,0,0,0,0,0,7,0,0,0,0,0,0,0,"Valdred - Actionlist - Credit quest"),
(@ENTRY,9,2,0,0,0,100,0,0,0,1000,1000,1,0,0,0,0,0,0,1,0,0,0,0,0,0,0,"Valdred - Actionlist - Talk1"),
(@ENTRY,9,3,0,0,0,100,0,0,0,1000,1000,28,68442,0,0,0,0,0,1,0,0,0,0,0,0,0,"Valdred - Actionlist - remove aura state kneels"),
(@ENTRY,9,4,0,0,0,100,0,3000,3000,1000,1000,69,0,0,0,0,0,0,8,0,0,0,1689.71,1674.79,135.675,0.349066,"Valdred - Action list - Go to point"),
(@ENTRY,9,5,0,0,0,100,0,1000,1000,1000,1000,1,1,0,0,0,0,0,1,0,0,0,0,0,0,0,"Valdred - Actionlist - Talk2"),
(@ENTRY,9,6,0,0,0,100,0,5000,5000,1000,1000,41,0,0,0,0,0,0,1,0,0,0,0,0,0,0,"Valdred - Actionlist - Despawn");

SET @ENTRY := 4923000;
DELETE FROM `smart_scripts` WHERE `entryorguid`=@ENTRY AND `source_type`=9;
INSERT INTO `smart_scripts` (`entryorguid`,`source_type`,`id`,`link`,`event_type`,`event_phase_mask`,`event_chance`,`event_flags`,`event_param1`,`event_param2`,`event_param3`,`event_param4`,`action_type`,`action_param1`,`action_param2`,`action_param3`,`action_param4`,`action_param5`,`action_param6`,`target_type`,`target_param1`,`target_param2`,`target_param3`,`target_x`,`target_y`,`target_z`,`target_o`,`comment`) VALUES
(@ENTRY,9,0,0,0,0,100,0,0,0,1000,1000,72,0,0,0,0,0,0,7,0,0,0,0,0,0,0,"Marshal - Actionlist - Close gossip"),
(@ENTRY,9,1,0,0,0,100,0,0,0,1000,1000,33,49230,0,0,0,0,0,7,0,0,0,0,0,0,0,"Marshal - Actionlist - Credit quest"),
(@ENTRY,9,2,0,0,0,100,0,0,0,1000,1000,1,0,0,0,0,0,0,1,0,0,0,0,0,0,0,"Marshal - Actionlist - Talk1"),
(@ENTRY,9,4,0,0,0,100,0,3000,3000,1000,1000,69,0,0,0,0,0,0,8,0,0,0,1753.04,1613.1,113.051,2.0146,"Marshal - Action list - Go to point"),
(@ENTRY,9,6,0,0,0,100,0,4000,4000,1000,1000,41,0,0,0,0,0,0,1,0,0,0,0,0,0,0,"Marshal - Actionlist - Despawn");

SET @ENTRY := 3889500;
DELETE FROM `smart_scripts` WHERE `entryorguid`=@ENTRY AND `source_type`=9;
INSERT INTO `smart_scripts` (`entryorguid`,`source_type`,`id`,`link`,`event_type`,`event_phase_mask`,`event_chance`,`event_flags`,`event_param1`,`event_param2`,`event_param3`,`event_param4`,`action_type`,`action_param1`,`action_param2`,`action_param3`,`action_param4`,`action_param5`,`action_param6`,`target_type`,`target_param1`,`target_param2`,`target_param3`,`target_x`,`target_y`,`target_z`,`target_o`,`comment`) VALUES
(@ENTRY,9,0,0,0,0,100,0,0,0,1000,1000,72,0,0,0,0,0,0,7,0,0,0,0,0,0,0,"Lilian - Actionlist - Close gossip"),
(@ENTRY,9,1,0,0,0,100,0,0,0,1000,1000,33,38895,0,0,0,0,0,7,0,0,0,0,0,0,0,"Lilian - Actionlist - Credit quest"),
(@ENTRY,9,2,0,0,0,100,0,0,0,1000,1000,1,0,0,0,0,0,0,1,0,0,0,0,0,0,0,"Lilian - Actionlist - Talk1"),
(@ENTRY,9,3,0,0,0,100,0,0,0,1000,1000,17,30,0,0,0,0,0,1,0,0,0,0,0,0,0,"Lilian - Actionlist - Set state none"),
(@ENTRY,9,4,0,0,0,100,0,1000,1000,1000,1000,69,0,0,0,0,0,0,8,0,0,0,1727.87,1629.11,118.862,5.49784,"Lilian - Action list - Go to point"),
(@ENTRY,9,6,0,0,0,100,0,6000,6000,1000,1000,41,0,0,0,0,0,0,1,0,0,0,0,0,0,0,"Lilian - Actionlist - Despawn");
